<?xml version="1.0"?>
<ruleset name="Twilio Laravel">
  <description>Twilio Laravel Custom Ruleset</description>

  <exclude-pattern>*/config/*</exclude-pattern>
  <exclude-pattern>*/bootstrap/*</exclude-pattern>
  <exclude-pattern>*/public/*</exclude-pattern>
  <exclude-pattern>*/resources/*</exclude-pattern>
  <exclude-pattern>*/storage/*</exclude-pattern>
  <exclude-pattern>*/vendor/*</exclude-pattern>
  <exclude-pattern>*/Providers/*</exclude-pattern>
  <exclude-pattern>*/app/Exceptions/Handler.php</exclude-pattern>
  <exclude-pattern>*/app/Http/Middleware/*</exclude-pattern>
  <exclude-pattern>*/Console/Kernel.php</exclude-pattern>
  <exclude-pattern>*/app/Http/Controllers/Auth/*</exclude-pattern>
  <exclude-pattern>*/tests/TestCase.php</exclude-pattern>
  <exclude-pattern>*/server.php</exclude-pattern>

  <rule ref="PEAR">
    <exclude name="PEAR.Commenting"/>
  </rule>
</ruleset>
