{
  "questions": [
    {
      "body": "What type of bear is best?",
      "kind": "free-answer"
    },
    {
      "body": "In a scale of 1 to 10, how cute do you find koalas?",
      "kind": "numeric"
    },
    {
      "body": "Do you think bears beat beets?",
      "kind": "yes-no"
    },
    {
      "body": "What's the relationship between Battlestar Galactica and bears?",
      "kind": "free-answer"
    },
    {
      "body": "Do sloths qualify as bears?",
      "kind": "free-answer"
    }

  ],
  "title": "About bears"
}
